model,run_id,accuracy,precision,recall,f1_score,roc_auc,cv_roc_auc_mean,cv_roc_auc_std
LogisticRegression,c620f63581e543309b42195df222604a,0.8688524590163934,0.8333333333333334,0.8928571428571429,0.8620689655172413,0.9621212121212122,0.9021435086652477,0.016518184110221903
RandomForest,3895b1d1d83d480dad30440609d43bd1,0.8688524590163934,0.8333333333333334,0.8928571428571429,0.8620689655172413,0.9453463203463204,0.8739859576816098,0.034760063998994964
GradientBoosting,d4f2893a3f644f7b8fe385f54beb2ed4,0.8360655737704918,0.8214285714285714,0.8214285714285714,0.8214285714285714,0.9058441558441558,0.8506852245982681,0.018998959252686014
